{
  "part 1": {
    "1": {
      "app_num_tx": 174,
      "app_num_endpoint_rx": 73,
      "app_num_lost": 101,
      "app_reliability": 41.95402298850575,
      "app_num_queue_drops": 59,
      "app_num_tx_limit_drops": 42,
      "app_num_routing_drops": 0,
      "app_num_scheduling_drops": 0,
      "app_num_other_drops": 0,
      "tsch_eb_tx": 258,
      "tsch_eb_rx": 0,
      "tsch_keepalive_tx": 0,
      "tsch_keepalive_rx": 0,
      "mac_tx": 827,
      "mac_tx_unicast": 520,
      "mac_acked": 71,
      "mac_rx": 96,
      "mac_rx_error": 458,
      "mac_rx_collision": 0,
      "mac_ack_error": 32,
      "mac_parent_tx_unicast": 0,
      "mac_parent_acked": 0,
      "mac_parent_rx": 0,
      "slots_rx_idle": 10745,
      "slots_rx_scanning": 0,
      "slots_rx_packet": 13,
      "slots_rx_packet_tx_ack": 83,
      "slots_tx_packet": 307,
      "slots_tx_packet_rx_ack": 520,
      "tsch_join_time_sec": 0,
      "tsch_num_parent_changes": 0,
      "app_latency_min_s": 0,
      "app_latency_avg_s": 27.18293150684931,
      "app_latency_max_s": 211.477,
      "app_latencies": [
        0.059,
        0.176,
        0,
        0.441,
        0.059,
        0.441,
        0.441,
        3.819,
        0.176,
        1.41,
        0.264,
        1.822,
        32.788,
        28.146,
        186.328,
        170.228,
        147.135,
        101.655,
        114.582,
        137.939,
        129.213,
        77.945,
        56.145,
        1.058,
        0.088,
        0.441,
        0.47,
        0.441,
        0,
        0.411,
        0.088,
        0.411,
        0.382,
        0.382,
        0.441,
        0.147,
        0.029,
        0,
        0.264,
        0.147,
        0.411,
        0.147,
        0.323,
        0.118,
        0.147,
        0.176,
        23.416,
        13.72,
        1.058,
        2.615,
        15.366,
        1.763,
        1.028,
        22.623,
        211.477,
        146.401,
        124.659,
        65.899,
        50.534,
        37.548,
        39.575,
        26.089,
        0.147,
        0.206,
        0.176,
        0.264,
        0.382,
        0.411,
        0.235,
        0.176,
        0.206,
        0.382,
        0.264
      ],
      "radio_duty_cycle": 0.657,
      "radio_duty_cycle_joined": 0.657,
      "charge_uc": 234421.243,
      "charge_joined_uc": 234421.243,
      "avg_current_uA": 65.117,
      "avg_current_joined_uA": 65.117,
      "routing_tx": 54,
      "routing_rx": 25,
      "routing_join_time_sec": 0,
      "routing_num_parent_changes": 0
    },
    "2": {
      "app_num_tx": 52,
      "app_num_endpoint_rx": 50,
      "app_num_lost": 2,
      "app_reliability": 96.15384615384616,
      "app_num_queue_drops": 1,
      "app_num_tx_limit_drops": 1,
      "app_num_routing_drops": 0,
      "app_num_scheduling_drops": 0,
      "app_num_other_drops": 0,
      "tsch_eb_tx": 0,
      "tsch_eb_rx": 60,
      "tsch_keepalive_tx": 0,
      "tsch_keepalive_rx": 0,
      "mac_tx": 233,
      "mac_tx_unicast": 126,
      "mac_acked": 58,
      "mac_rx": 200,
      "mac_rx_error": 134,
      "mac_rx_collision": 0,
      "mac_ack_error": 25,
      "mac_parent_tx_unicast": 122,
      "mac_parent_acked": 54,
      "mac_parent_rx": 131,
      "slots_rx_idle": 10754,
      "slots_rx_scanning": 0,
      "slots_rx_packet": 37,
      "slots_rx_packet_tx_ack": 103,
      "slots_tx_packet": 107,
      "slots_tx_packet_rx_ack": 126,
      "tsch_join_time_sec": 0,
      "tsch_num_parent_changes": 7,
      "app_latency_min_s": 0,
      "app_latency_avg_s": 156.59710000000004,
      "app_latency_max_s": 1366.346,
      "app_latencies": [
        0.059,
        0.323,
        0.294,
        0.206,
        0.264,
        0.264,
        0.264,
        0.294,
        0.294,
        0.235,
        0,
        13.015,
        22.828,
        1366.346,
        1348.424,
        1328.505,
        1298.126,
        0.235,
        0.206,
        0.441,
        0.411,
        0.47,
        0.411,
        0.235,
        0,
        0.294,
        0.411,
        0.353,
        0.176,
        0.029,
        0.147,
        0.235,
        0.147,
        0.059,
        2.292,
        0.323,
        9.519,
        11.781,
        8.755,
        1208.341,
        1203.287,
        0.235,
        0.176,
        0,
        0.235,
        0.323,
        0.147,
        0.411,
        0.029,
        0
      ],
      "radio_duty_cycle": 0.657,
      "radio_duty_cycle_joined": 0.657,
      "charge_uc": 234617.594,
      "charge_joined_uc": 234617.594,
      "avg_current_uA": 65.172,
      "avg_current_joined_uA": 65.172,
      "routing_tx": 121,
      "routing_rx": 42,
      "routing_join_time_sec": 6.375,
      "routing_num_parent_changes": 7
    },
    "global-stats for this duration": {
      "app-packets-sent": [
        {
          "total": 226,
          "name": "Number of application packets sent"
        }
      ],
      "app-packets-received": [
        {
          "total": 123,
          "name": "Number of application packets received"
        }
      ],
      "app-packets-lost": [
        {
          "total": 103,
          "name": "Number of application packets lost"
        }
      ],
      "current-consumed": [
        {
          "name": "Current consumed",
          "unit": "mA",
          "mean": 0.13
        }
      ],
      "current-consumed-when-joined": [
        {
          "name": "Current consumed",
          "unit": "mA",
          "mean": 0.13
        }
      ],
      "e2e-delivery": [
        {
          "value": 54.42477876106195,
          "name": "E2E delivery ratio",
          "unit": "%"
        },
        {
          "value": 45.57522123893805,
          "name": "E2E loss ratio",
          "unit": "%"
        }
      ],
      "e2e-latency": [
        {
          "name": "E2E latency",
          "min": 0,
          "max": 1366.346,
          "unit": "s",
          "mean": 79.79031707317077
        }
      ]
    }
  }
}