{"600&5704": {"before_joined": [1.625, 2.5050000000000003, 2.271, 7.412999999999999, 4.265000000000001, 7.544, 1.669, 5.605, 3.058, 2.086], "after_joined": [2.635, 2.552, 2.614, 2.45, 2.558, 1.954, 2.621, 2.504, 2.583, 2.632], "total": [4.26, 5.057, 4.885, 9.863, 6.823, 9.498, 4.29, 8.109, 5.641, 4.718]}, "600&10716": {"before_joined": [0.976, 1.7160000000000002, 1.716, 2.1790000000000003, 2.085, 2.364, 0.9269999999999998, 2.1340000000000003, 1.4849999999999999, 1.209], "after_joined": [1.35, 1.315, 1.321, 1.303, 1.33, 1.281, 1.348, 1.297, 1.335, 1.339], "total": [2.326, 3.031, 3.037, 3.482, 3.415, 3.645, 2.275, 3.431, 2.82, 2.548]}, "600&29380": {"before_joined": [0.46599999999999997, 0.8840000000000001, 0.7429999999999999, 0.9279999999999999, 0.512, 0.46499999999999997, 0.4179999999999999, 1.344, 0.6970000000000001, 0.5569999999999999], "after_joined": [0.355, 0.329, 0.389, 0.383, 0.383, 0.388, 0.398, 0.353, 0.415, 0.396], "total": [0.821, 1.213, 1.132, 1.311, 0.895, 0.853, 0.816, 1.697, 1.112, 0.953]}, "600&156900": {"before_joined": [0.281, 0.327, 0.5109999999999999, 0.697, 0.5569999999999999, 0.373, 0.23299999999999998, 0.603, 0.465, 0.27899999999999997], "after_joined": [0.06, 0.059, 0.06, 0.056, 0.057, 0.059, 0.062, 0.059, 0.067, 0.066], "total": [0.341, 0.386, 0.571, 0.753, 0.614, 0.432, 0.295, 0.662, 0.532, 0.345]}, "1200&5704": {"before_joined": [0.8119999999999998, 1.2520000000000002, 1.1360000000000001, 3.7070000000000003, 2.133, 8.236, 0.8340000000000001, 2.803, 1.529, 1.0430000000000001], "after_joined": [2.669, 2.606, 2.647, 2.554, 2.627, 2.049, 2.646, 2.588, 2.63, 2.667], "total": [3.481, 3.858, 3.783, 6.261, 4.76, 10.285, 3.48, 5.391, 4.159, 3.71]}, "1200&10716": {"before_joined": [0.488, 0.8580000000000001, 0.8580000000000001, 1.089, 1.0419999999999998, 1.275, 0.46399999999999997, 1.067, 0.7419999999999998, 0.605], "after_joined": [1.371, 1.342, 1.355, 1.343, 1.358, 1.13, 1.36, 1.333, 1.352, 1.357], "total": [1.859, 2.2, 2.213, 2.432, 2.4, 2.405, 1.824, 2.4, 2.094, 1.962]}, "1200&29380": {"before_joined": [0.23299999999999993, 0.442, 0.371, 0.46399999999999997, 0.255, 0.23299999999999998, 0.20899999999999996, 0.6719999999999999, 0.34800000000000003, 0.279], "after_joined": [0.343, 0.332, 0.384, 0.361, 0.357, 0.348, 0.361, 0.318, 0.413, 0.363], "total": [0.576, 0.774, 0.755, 0.825, 0.612, 0.581, 0.57, 0.99, 0.761, 0.642]}, "1200&156900": {"before_joined": [0.14100000000000001, 0.163, 0.255, 0.349, 0.279, 0.186, 0.11699999999999999, 0.302, 0.23199999999999998, 0.13999999999999999], "after_joined": [0.06, 0.061, 0.067, 0.058, 0.059, 0.058, 0.066, 0.065, 0.069, 0.068], "total": [0.201, 0.224, 0.322, 0.407, 0.338, 0.244, 0.183, 0.367, 0.301, 0.208]}, "1800&5704": {"before_joined": [0.5419999999999998, 0.8350000000000004, 0.7570000000000001, 2.471, 1.4210000000000003, 6.5760000000000005, 0.556, 1.8689999999999998, 1.02, 0.6949999999999998], "after_joined": [2.684, 2.627, 2.663, 2.591, 2.651, 2.103, 2.656, 2.615, 2.646, 2.68], "total": [3.226, 3.462, 3.42, 5.062, 4.072, 8.679, 3.212, 4.484, 3.666, 3.375]}, "1800&10716": {"before_joined": [0.32600000000000007, 0.5719999999999998, 0.5720000000000001, 0.726, 0.6949999999999998, 1.2679999999999998, 0.30899999999999994, 0.712, 0.4949999999999999, 0.403], "after_joined": [1.378, 1.352, 1.367, 1.355, 1.367, 1.092, 1.365, 1.348, 1.36, 1.367], "total": [1.704, 1.924, 1.939, 2.081, 2.062, 2.36, 1.674, 2.06, 1.855, 1.77]}, "1800&29380": {"before_joined": [0.17000000000000004, 0.294, 0.247, 0.31000000000000005, 0.247, 0.18500000000000005, 0.247, 0.448, 0.23199999999999998, 0.247], "after_joined": [0.358, 0.316, 0.383, 0.37, 0.363, 0.35, 0.361, 0.317, 0.402, 0.353], "total": [0.528, 0.61, 0.63, 0.68, 0.61, 0.535, 0.608, 0.765, 0.634, 0.6]}, "1800&156900": {"before_joined": [0.093, 0.10900000000000001, 0.16999999999999998, 0.23299999999999998, 0.186, 0.124, 0.07699999999999999, 0.201, 0.155, 0.093], "after_joined": [0.064, 0.06, 0.069, 0.057, 0.061, 0.058, 0.068, 0.068, 0.069, 0.069], "total": [0.157, 0.169, 0.239, 0.29, 0.247, 0.182, 0.145, 0.269, 0.224, 0.162]}}