{"600&5704": {"before_joined": [5.836, 5.316, 74.28999999999999, 3.9680000000000004, 8.669, 1.391, 3.9669999999999996, 2.8290000000000006, 1.8199999999999998, 3.969], "after_joined": [2.088, 2.027, 0.664, 2.03, 1.814, 2.185, 1.849, 1.837, 2.31, 2.006]}, "600&10716": {"before_joined": [2.802, 2.551, 23.791, 1.4660000000000002, 3.767, 1.2120000000000002, 2.4739999999999998, 0.8850000000000001, 1.1880000000000002, 2.954], "after_joined": [0.931, 0.992, 0.778, 0.973, 0.86, 1.013, 0.951, 0.977, 1.004, 0.956]}, "600&29380": {"before_joined": [0.682, 1.214, 1.549, 0.7919999999999999, 1.061, 0.178, 1.4140000000000001, 0.6819999999999999, 0.278, 1.9449999999999998], "after_joined": [0.37, 0.292, 0.352, 0.4, 0.251, 0.339, 0.273, 0.335, 0.383, 0.261]}, "600&156900": {"before_joined": [0.203, 0.48100000000000004, 1.171, 0.178, 0.304, 0.102, 0.253, 0.178, 0.15200000000000002, 0.355], "after_joined": [0.072, 0.068, 0.052, 0.072, 0.071, 0.075, 0.07, 0.073, 0.074, 0.069]}, "1200&5704": {"before_joined": [5.836, 5.316, 74.28999999999999, 3.9680000000000004, 8.669, 1.391, 3.9669999999999996, 2.8290000000000006, 1.8199999999999998, 3.969], "after_joined": [2.088, 2.027, 0.664, 2.03, 1.814, 2.185, 1.849, 1.837, 2.31, 2.006]}, "1200&10716": {"before_joined": [2.802, 2.551, 23.791, 1.4660000000000002, 3.767, 1.2120000000000002, 2.4739999999999998, 0.8850000000000001, 1.1880000000000002, 2.954], "after_joined": [0.931, 0.992, 0.778, 0.973, 0.86, 1.013, 0.951, 0.977, 1.004, 0.956]}, "1200&29380": {"before_joined": [0.682, 1.214, 1.549, 0.7919999999999999, 1.061, 0.178, 1.4140000000000001, 0.6819999999999999, 0.278, 1.9449999999999998], "after_joined": [0.37, 0.292, 0.352, 0.4, 0.251, 0.339, 0.273, 0.335, 0.383, 0.261]}, "1200&156900": {"before_joined": [0.203, 0.48100000000000004, 1.171, 0.178, 0.304, 0.102, 0.253, 0.178, 0.15200000000000002, 0.355], "after_joined": [0.072, 0.068, 0.052, 0.072, 0.071, 0.075, 0.07, 0.073, 0.074, 0.069]}, "1800&5704": {"before_joined": [5.836, 5.316, 74.28999999999999, 3.9680000000000004, 8.669, 1.391, 3.9669999999999996, 2.8290000000000006, 1.8199999999999998, 3.969], "after_joined": [2.088, 2.027, 0.664, 2.03, 1.814, 2.185, 1.849, 1.837, 2.31, 2.006]}, "1800&10716": {"before_joined": [2.802, 2.551, 23.791, 1.4660000000000002, 3.767, 1.2120000000000002, 2.4739999999999998, 0.8850000000000001, 1.1880000000000002, 2.954], "after_joined": [0.931, 0.992, 0.778, 0.973, 0.86, 1.013, 0.951, 0.977, 1.004, 0.956]}, "1800&29380": {"before_joined": [0.682, 1.214, 1.549, 0.7919999999999999, 1.061, 0.178, 1.4140000000000001, 0.6819999999999999, 0.278, 1.9449999999999998], "after_joined": [0.37, 0.292, 0.352, 0.4, 0.251, 0.339, 0.273, 0.335, 0.383, 0.261]}, "1800&156900": {"before_joined": [0.203, 0.48100000000000004, 1.171, 0.178, 0.304, 0.102, 0.253, 0.178, 0.15200000000000002, 0.355], "after_joined": [0.072, 0.068, 0.052, 0.072, 0.071, 0.075, 0.07, 0.073, 0.074, 0.069]}}